,PC1,PC2
AGE,0.918084940233282,-0.39638370616973023
BMI,0.39638370616973023,0.918084940233282
