,PC1,PC2
AGE,0.9191028502425972,-0.3940177035057361
BMI,0.3940177035057361,0.9191028502425972
