,PC1,PC2
AGE,0.9243560872050725,-0.3815308952718359
BMI,0.3815308952718359,0.9243560872050725
