,PC1,PC2
AGE,-0.9254448431052572,-0.37888235953906024
BMI,-0.37888235953906024,0.9254448431052572
