,PC1,PC2
AGE,0.9297020771593485,-0.368312432216987
BMI,0.368312432216987,0.9297020771593485
