,PC1,PC2
AGE,0.9288956590871349,-0.3703415376771517
BMI,0.3703415376771517,0.9288956590871349
