,PC1,PC2
RMS_0,0.8678704968965489,-0.14274654217298333
RMS_1,0.47446458644792405,-0.029296325640666056
ZERO_CROSSING_RATE_0,0.10905613215376503,0.477051561745487
ZERO_CROSSING_RATE_1,0.0989490619611878,0.866710423058247
