,PC1,PC2
RMS_0,0.8429953142026967,-0.20995649365030808
RMS_1,0.48790820491730913,-0.08170220476163717
ZERO_CROSSING_RATE_0,0.14190454836113525,0.4590116654448655
ZERO_CROSSING_RATE_1,0.17654343080694954,0.8593900811021076
