,PC1,PC2
RMS_0,0.8429953142026958,-0.20995649365030825
RMS_1,0.48790820491730935,-0.08170220476163972
ZERO_CROSSING_RATE_0,0.14190454836113586,0.4590116654448653
ZERO_CROSSING_RATE_1,0.17654343080695073,0.8593900811021071
