,PC1,PC2
RMS_0,0.8678704968965479,-0.14274654217298513
RMS_1,0.4744645864479243,-0.029296325640667347
ZERO_CROSSING_RATE_0,0.10905613215376604,0.47705156174548663
ZERO_CROSSING_RATE_1,0.09894906196118969,0.866710423058246
