,PC1,PC2
RMS_0,0.8429953142026965,-0.20995649365030777
RMS_1,0.4879082049173099,-0.08170220476163689
ZERO_CROSSING_RATE_0,0.14190454836113509,0.45901166544486594
ZERO_CROSSING_RATE_1,0.1765434308069491,0.8593900811021077
