,PC1,PC2
RMS_0,0.8678704968965489,-0.14274654217298188
RMS_1,0.47446458644792433,-0.02929632564066491
ZERO_CROSSING_RATE_0,0.10905613215376427,0.4770515617454876
ZERO_CROSSING_RATE_1,0.0989490619611861,0.8667104230582467
