,PC1,PC2
RMS_0,0.8429953142026966,-0.2099564936503088
RMS_1,0.48790820491730913,-0.08170220476163703
ZERO_CROSSING_RATE_0,0.1419045483611354,0.4590116654448649
ZERO_CROSSING_RATE_1,0.1765434308069501,0.8593900811021075
