,PC1,PC2
RMS_0,0.8678704968965487,-0.1427465421729837
RMS_1,0.4744645864479239,-0.029296325640666376
ZERO_CROSSING_RATE_0,0.10905613215376521,0.47705156174548685
ZERO_CROSSING_RATE_1,0.09894906196118815,0.8667104230582463
