,PC1,PC2
RMS_0,0.8429953142026961,-0.20995649365030844
RMS_1,0.4879082049173096,-0.08170220476163778
ZERO_CROSSING_RATE_0,0.14190454836113547,0.45901166544486516
ZERO_CROSSING_RATE_1,0.17654343080695015,0.8593900811021076
