,PC1,PC2
RMS_0,0.8678704968965485,-0.1427465421729845
RMS_1,0.4744645864479239,-0.029296325640667087
ZERO_CROSSING_RATE_0,0.10905613215376575,0.4770515617454869
ZERO_CROSSING_RATE_1,0.09894906196118909,0.8667104230582463
