,PC1,PC2
RMS_0,0.7226107709409284,-0.025307428202191895
RMS_1,0.6900728630564836,0.011205312824675965
ZERO_CROSSING_RATE_0,0.03890051838717948,0.5128251019691782
ZERO_CROSSING_RATE_1,-0.010948381724875807,0.858046845942921
