,PC1,PC2
RMS_0,0.7182169249777793,-0.04520505793085637
RMS_1,0.6947086709754776,0.024073700316022698
ZERO_CROSSING_RATE_0,0.03904504565228734,0.5016024491872534
ZERO_CROSSING_RATE_1,-0.004449219814709453,0.8635808836813785
