,PC1,PC2
RMS_0,0.7182169249777789,-0.04520505793085546
RMS_1,0.6947086709754781,0.024073700316022194
ZERO_CROSSING_RATE_0,0.03904504565228726,0.5016024491872535
ZERO_CROSSING_RATE_1,-0.0044492198147098126,0.8635808836813785
