,PC1,PC2
RMS_0,0.7226107709409276,-0.025307428202191246
RMS_1,0.6900728630564841,0.01120531282467511
ZERO_CROSSING_RATE_0,0.03890051838717953,0.5128251019691782
ZERO_CROSSING_RATE_1,-0.01094838172487573,0.8580468459429204
