,PC1,PC2
RMS_0,0.722610770940929,-0.025307428202193182
RMS_1,0.6900728630564826,0.01120531282467539
ZERO_CROSSING_RATE_0,0.038900518387180054,0.512825101969178
ZERO_CROSSING_RATE_1,-0.010948381724874593,0.8580468459429206
