,PC1,PC2
RMS_0,0.7182169249777779,-0.0452050579308573
RMS_1,0.6947086709754786,0.0240737003160242
ZERO_CROSSING_RATE_0,0.03904504565228717,0.5016024491872534
ZERO_CROSSING_RATE_1,-0.004449219814709882,0.8635808836813788
