,PC1,PC2
RMS_0,0.7182169249777791,-0.04520505793085655
RMS_1,0.694708670975478,0.024073700316022448
ZERO_CROSSING_RATE_0,0.03904504565228755,0.5016024491872535
ZERO_CROSSING_RATE_1,-0.004449219814709188,0.8635808836813789
