,PC1,PC2
RMS_0,0.7226107709409277,-0.025307428202191798
RMS_1,0.6900728630564841,0.011205312824675687
ZERO_CROSSING_RATE_0,0.03890051838717957,0.5128251019691779
ZERO_CROSSING_RATE_1,-0.01094838172487568,0.8580468459429207
