,PC1,PC2
RMS_0,0.722610770940928,-0.02530742820219073
RMS_1,0.6900728630564842,0.011205312824674735
ZERO_CROSSING_RATE_0,0.038900518387179416,0.5128251019691783
ZERO_CROSSING_RATE_1,-0.010948381724875805,0.8580468459429208
