,PC1,PC2
RMS_0,0.7182169249777782,-0.045205057930854366
RMS_1,0.6947086709754785,0.024073700316020973
ZERO_CROSSING_RATE_0,0.039045045652287245,0.5016024491872537
ZERO_CROSSING_RATE_1,-0.004449219814709692,0.8635808836813786
