,PC1,PC2
RMS_0,0.5833143246343034,-0.7000898462008004
RMS_1,0.40947576476051,-0.18000704187050726
ZERO_CROSSING_RATE_0,0.41949943587825467,0.35329135264201256
ZERO_CROSSING_RATE_1,0.5622225716280409,0.5938492167814533
