,PC1,PC2
RMS_0,0.5833143246343035,-0.7000898462008001
RMS_1,0.4094757647605095,-0.1800070418705083
ZERO_CROSSING_RATE_0,0.41949943587825483,0.3532913526420128
ZERO_CROSSING_RATE_1,0.5622225716280408,0.5938492167814533
