,PC1,PC2
RMS_0,0.7663905938582488,-0.4958611964139335
RMS_1,0.45615929460541205,-0.022787987672392488
ZERO_CROSSING_RATE_0,0.26548800230218195,0.43216484317228404
ZERO_CROSSING_RATE_1,0.3661697369039252,0.7528850708007567
