,PC1,PC2
RMS_0,0.5833143246343035,-0.7000898462007996
RMS_1,0.40947576476051,-0.18000704187050895
ZERO_CROSSING_RATE_0,0.4194994358782547,0.3532913526420129
ZERO_CROSSING_RATE_1,0.562222571628041,0.593849216781454
