,PC1,PC2
RMS_0,0.7663905938582491,-0.49586119641393306
RMS_1,0.45615929460541155,-0.022787987672393643
ZERO_CROSSING_RATE_0,0.26548800230218206,0.43216484317228393
ZERO_CROSSING_RATE_1,0.36616973690392557,0.7528850708007567
