,PC1,PC2
RMS_0,0.5833143246343035,-0.7000898462008008
RMS_1,0.4094757647605099,-0.18000704187050676
ZERO_CROSSING_RATE_0,0.41949943587825467,0.3532913526420125
ZERO_CROSSING_RATE_1,0.5622225716280408,0.5938492167814532
