,PC1,PC2
RMS_0,0.7663905938582489,-0.4958611964139334
RMS_1,0.45615929460541177,-0.02278798767239356
ZERO_CROSSING_RATE_0,0.26548800230218206,0.4321648431722839
ZERO_CROSSING_RATE_1,0.3661697369039259,0.752885070800757
