,PC1,PC2
RMS_0,0.7663905938582483,-0.4958611964139337
RMS_1,0.45615929460541227,-0.022787987672393394
ZERO_CROSSING_RATE_0,0.2654880023021822,0.4321648431722836
ZERO_CROSSING_RATE_1,0.3661697369039258,0.7528850708007564
