,PC1,PC2
RMS_0,0.5833143246343042,-0.7000898462007998
RMS_1,0.40947576476050984,-0.18000704187050776
ZERO_CROSSING_RATE_0,0.4194994358782545,0.35329135264201317
ZERO_CROSSING_RATE_1,0.5622225716280406,0.5938492167814541
