,PC1,PC2
RMS_0,0.7663905938582484,-0.4958611964139333
RMS_1,0.4561592946054124,-0.022787987672393633
ZERO_CROSSING_RATE_0,0.26548800230218195,0.4321648431722843
ZERO_CROSSING_RATE_1,0.36616973690392535,0.7528850708007568
